"","Date","AssetID","Price","Open","High","Low","Vol.","Change.."
"1",2019-12-31 05:30:00,"btc",7208.3,7261,7333,7161.3,2990,-0.0072
"2",2019-12-30 05:30:00,"btc",7260.9,7413,7421.6,7217.7,4090,-0.0212
"3",2019-12-29 05:30:00,"btc",7417.9,7333.2,7551.6,7311.8,2490,0.0114
"4",2019-12-28 05:30:00,"btc",7334.4,7293.6,7389.9,7280.5,2730,0.0065
"5",2019-12-27 05:30:00,"btc",7287,7235.3,7300,7114.1,4000,0.0075
"6",2019-12-26 05:30:00,"btc",7232.4,7220.1,7464.3,7189,4720,0.0017
"7",2019-12-25 05:30:00,"btc",7220.1,7270,7287.4,7144.8,3360,-0.0078
"8",2019-12-24 05:30:00,"btc",7276.9,7346.2,7445,7182.9,4250,-0.0096
"9",2019-12-23 05:30:00,"btc",7347.4,7538.9,7715,7283.1,7080,-0.0245
"10",2019-12-22 05:30:00,"btc",7532,7166.3,7541.3,7159.6,3620,0.051
"11",2019-12-21 05:30:00,"btc",7166.4,7213,7215.1,7145.2,2280,-0.0065
"12",2019-12-20 05:30:00,"btc",7212.9,7181.8,7249,7116.8,5700,0.0043
"13",2019-12-19 05:30:00,"btc",7181.8,7326.9,7412.5,7089.1,5430,-0.0193
"14",2019-12-18 05:30:00,"btc",7323.4,6667.1,7480.2,6479.4,13750,0.0984
"15",2019-12-17 05:30:00,"btc",6667.1,6926.6,6972,6624.3,12660,-0.0375
"16",2019-12-16 05:30:00,"btc",6926.8,7152.7,7189.9,6900,13420,-0.0316
"17",2019-12-15 05:30:00,"btc",7152.7,7100.8,7218.6,7046.6,3530,0.0073
"18",2019-12-14 05:30:00,"btc",7100.8,7283.1,7290.5,7038.5,3410,-0.025
"19",2019-12-13 05:30:00,"btc",7283.2,7224.1,7331.9,7218.7,2900,0.0082
"20",2019-12-12 05:30:00,"btc",7224,7231.2,7325.6,7133.8,5640,-9e-04
"21",2019-12-11 05:30:00,"btc",7230.7,7254.7,7296.2,7170.1,3120,-0.0033
"22",2019-12-10 05:30:00,"btc",7254.6,7373.8,7433,7207.5,3640,-0.0169
"23",2019-12-09 05:30:00,"btc",7379.5,7563.8,7701.1,7309.1,6560,-0.0245
"24",2019-12-08 05:30:00,"btc",7564.6,7543.2,7620,7433.6,4300,0.0028
"25",2019-12-07 05:30:00,"btc",7543.2,7584.7,7665.1,7520.1,1720,-0.0059
"26",2019-12-06 05:30:00,"btc",7588.3,7439.9,7648.6,7350.1,5710,0.0199
"27",2019-12-05 05:30:00,"btc",7440,7239.3,7522.8,7193.7,4790,0.0279
"28",2019-12-04 05:30:00,"btc",7238.2,7336.9,7887.7,7134.1,11720,-0.0133
"29",2019-12-03 05:30:00,"btc",7336,7350.2,7453.5,7288,2300,-0.0019
"30",2019-12-02 05:30:00,"btc",7350.3,7450.1,7467.3,7209.4,4630,-0.0134
"31",2019-12-01 05:30:00,"btc",7450.1,7599.9,7600.1,7288.7,6330,-0.0197
"32",2019-11-30 05:30:00,"btc",7599.9,7796.5,7849.6,7495,4970,-0.0252
"33",2019-11-29 05:30:00,"btc",7796.6,7460.7,7916.3,7450,7280,0.045
"34",2019-11-28 05:30:00,"btc",7460.8,7547.3,7683,7415,4340,-0.0117
"35",2019-11-27 05:30:00,"btc",7549.3,7198.3,7689,6880,13900,0.0488
"36",2019-11-26 05:30:00,"btc",7198.3,7162.8,7384.7,7061.2,5200,0.0042
"37",2019-11-25 05:30:00,"btc",7168,6965.2,7413.6,6619.4,18520,0.0291
"38",2019-11-24 05:30:00,"btc",6965.3,7352.7,7372,6922,8580,-0.0527
"39",2019-11-23 05:30:00,"btc",7352.6,7318.6,7385,7141,4630,0.004
"40",2019-11-22 05:30:00,"btc",7323,7672.5,7763.3,6820.1,19370,-0.0454
"41",2019-11-21 05:30:00,"btc",7671.1,8126.4,8155.9,7510.1,9890,-0.056
"42",2019-11-20 05:30:00,"btc",8126.4,8164.9,8255,8081,2060,-0.0047
"43",2019-11-19 05:30:00,"btc",8164.9,8219.5,8241.9,8055.2,3700,-0.0066
"44",2019-11-18 05:30:00,"btc",8219.5,8536.7,8536.8,8119,6360,-0.0372
"45",2019-11-17 05:30:00,"btc",8537.3,8523.4,8662.9,8422,2840,0.0016
"46",2019-11-16 05:30:00,"btc",8523.5,8494.8,8553.1,8442.7,1530,0.0033
"47",2019-11-15 05:30:00,"btc",8495.8,8655.5,8798.1,8420.2,5180,-0.0185
"48",2019-11-14 05:30:00,"btc",8655.7,8800.9,8817.4,8601.4,3300,-0.0165
"49",2019-11-13 05:30:00,"btc",8801.1,8830,8849.3,8730.3,1340,-0.0033
"50",2019-11-12 05:30:00,"btc",8830,8737.7,8891.5,8602.1,3500,0.0106
"51",2019-11-11 05:30:00,"btc",8737.7,9069.7,9107.3,8633.4,4240,-0.0365
"52",2019-11-10 05:30:00,"btc",9068.4,8827.1,9156.9,8764,4640,0.0272
"53",2019-11-09 05:30:00,"btc",8828,8782.3,8891.4,8735.9,1960,0.0052
"54",2019-11-08 05:30:00,"btc",8782.4,9209.2,9252.4,8688.1,7860,-0.0462
"55",2019-11-07 05:30:00,"btc",9208,9355,9387.1,9086.5,3750,-0.0155
"56",2019-11-06 05:30:00,"btc",9353,9334,9475,9278,3470,0.002
"57",2019-11-05 05:30:00,"btc",9333.9,9440,9504.1,9200,3410,-0.0114
"58",2019-11-04 05:30:00,"btc",9441.2,9223,9621.8,9152,7470,0.0237
"59",2019-11-03 05:30:00,"btc",9222.4,9332.2,9400.6,9100,3620,-0.0118
"60",2019-11-02 05:30:00,"btc",9332.1,9288.4,9429.4,9251.8,3660,0.0046
"61",2019-11-01 05:30:00,"btc",9289.1,9185.6,9332.1,9087.4,4090,0.0113
"62",2019-10-31 05:30:00,"btc",9185.6,9184.4,9460.7,8984.8,5670,1e-04
"63",2019-10-30 05:30:00,"btc",9184.3,9445.5,9446.9,9035,5050,-0.0277
"64",2019-10-29 05:30:00,"btc",9445.5,9229.2,9558.3,9101.3,6730,0.0238
"65",2019-10-28 05:30:00,"btc",9225.7,9574.1,9948,9216.8,8990,-0.0362
"66",2019-10-27 05:30:00,"btc",9571.8,9270.9,9815.6,9121.6,11110,0.0325
"67",2019-10-26 05:30:00,"btc",9270.9,8679.3,10464.1,8662.9,32060,0.0682
"68",2019-10-25 05:30:00,"btc",8679.1,7453,8800,7426,17100,0.1645
"69",2019-10-24 05:30:00,"btc",7453,7493.6,7529,7372,5800,-0.0054
"70",2019-10-23 05:30:00,"btc",7493.7,8053.7,8074.5,7341.5,12980,-0.0701
"71",2019-10-22 05:30:00,"btc",8058.9,8242.2,8332.2,8037.1,3850,-0.0224
"72",2019-10-21 05:30:00,"btc",8243.9,8260.7,8371.3,8181.8,3410,-0.002
"73",2019-10-20 05:30:00,"btc",8260.6,7993,8335.6,7922,4870,0.0335
"74",2019-10-19 05:30:00,"btc",7992.9,7987.3,8117,7927,3510,7e-04
"75",2019-10-18 05:30:00,"btc",7987.2,8092.4,8135.1,7860,5300,-0.013
"76",2019-10-17 05:30:00,"btc",8092.3,8016.1,8144.9,7949.3,2810,0.0095
"77",2019-10-16 05:30:00,"btc",8016,8191,8203.2,7960,7080,-0.0214
"78",2019-10-15 05:30:00,"btc",8191.1,8370,8433.7,8123.6,3280,-0.0214
"79",2019-10-14 05:30:00,"btc",8370,8304.9,8423.5,8230.1,2540,0.0077
"80",2019-10-13 05:30:00,"btc",8305.7,8319.6,8477.4,8179.3,4040,-0.0015
"81",2019-10-12 05:30:00,"btc",8318.3,8278.2,8421,8272.5,1710,0.0046
"82",2019-10-11 05:30:00,"btc",8280,8596,8815.2,8253,6080,-0.0368
"83",2019-10-10 05:30:00,"btc",8596,8610.4,8682.8,8472,4320,-0.0013
"84",2019-10-09 05:30:00,"btc",8607.5,8205,8717.9,8146.6,8390,0.0483
"85",2019-10-08 05:30:00,"btc",8211.2,8234.6,8362,8132.8,3470,-0.0019
"86",2019-10-07 05:30:00,"btc",8227,7886.2,8342,7794.9,8150,0.0436
"87",2019-10-06 05:30:00,"btc",7883.1,8162.5,8183.1,7807.1,5850,-0.0342
"88",2019-10-05 05:30:00,"btc",8162.5,8170.1,8210.7,8040,3330,-9e-04
"89",2019-10-04 05:30:00,"btc",8170,8260.5,8264.9,8040,3050,-0.0106
"90",2019-10-03 05:30:00,"btc",8257.9,8414.9,8440,8100.7,3720,-0.0185
"91",2019-10-02 05:30:00,"btc",8413.4,8333.7,8419.9,8193.5,3450,0.0094
"92",2019-10-01 05:30:00,"btc",8334.9,8331.1,8539,8228,5840,5e-04
"93",2019-09-30 05:30:00,"btc",8331.1,8090.1,8384,7753,10920,0.0298
"94",2019-09-29 05:30:00,"btc",8090,8238.2,8260.2,7930.7,6140,-0.018
"95",2019-09-28 05:30:00,"btc",8238.6,8215.3,8354.7,8047.9,5450,0.0031
"96",2019-09-27 05:30:00,"btc",8213.4,8105.9,8296.5,7906.3,7470,0.0135
"97",2019-09-26 05:30:00,"btc",8103.6,8475.3,8489.9,7800.1,15420,-0.0438
"98",2019-09-25 05:30:00,"btc",8474.7,8535,8770,8266.1,12770,-0.0086
"99",2019-09-24 05:30:00,"btc",8547.9,9702.6,9788.1,8110.1,34870,-0.119
"100",2019-09-23 05:30:00,"btc",9702.6,10055,10077,9627.5,5490,-0.0348
"101",2019-09-22 05:30:00,"btc",10052,10012,10105,9881.4,2750,0.0039
"102",2019-09-21 05:30:00,"btc",10013,10197,10199,9958.1,2980,-0.0181
"103",2019-09-20 05:30:00,"btc",10198,10303,10340,10105,2510,-0.01
"104",2019-09-19 05:30:00,"btc",10301,10185,10417,9655,9770,0.0114
"105",2019-09-18 05:30:00,"btc",10185,10214.1,10278,10111,3340,-0.0028
"106",2019-09-17 05:30:00,"btc",10214.1,10290,10308,10171,2940,-0.0079
"107",2019-09-16 05:30:00,"btc",10295,10321,10399,10100,5520,-0.0026
"108",2019-09-15 05:30:00,"btc",10322,10381,10402,10287,1880,-0.0055
"109",2019-09-14 05:30:00,"btc",10379,10374,10478,10256,3160,5e-04
"110",2019-09-13 05:30:00,"btc",10374,10452,10475,10170,4500,-0.0075
"111",2019-09-12 05:30:00,"btc",10452,10174.2,10488,10065.1,4400,0.0272
"112",2019-09-11 05:30:00,"btc",10175,10121,10297,9866.5,4350,0.0052
"113",2019-09-10 05:30:00,"btc",10122,10317,10399,9961.7,4210,-0.019
"114",2019-09-09 05:30:00,"btc",10318,10417,10542,10118.6,5200,-0.0093
"115",2019-09-08 05:30:00,"btc",10415,10489,10599,10257,3510,-0.007
"116",2019-09-07 05:30:00,"btc",10488,10305,10581,10305,3380,0.0166
"117",2019-09-06 05:30:00,"btc",10317,10582.9,10933,10218,11280,-0.0247
"118",2019-09-05 05:30:00,"btc",10578.7,10593,10663,10483,3010,-0.0011
"119",2019-09-04 05:30:00,"btc",10590,10642,10841.2,10411,6250,-0.0048
"120",2019-09-03 05:30:00,"btc",10641,10401,10766,10300,10740,0.0244
"121",2019-09-02 05:30:00,"btc",10388,9783,10473,9754.9,11140,0.0623
"122",2019-09-01 05:30:00,"btc",9779.1,9623.9,9858,9560.1,2870,0.0161
"123",2019-08-31 05:30:00,"btc",9623.9,9600.7,9710.2,9472.1,2750,0.0024
"124",2019-08-30 05:30:00,"btc",9601,9509.4,9710,9384.3,3750,0.0097
"125",2019-08-29 05:30:00,"btc",9509,9727.3,9727.3,9360.4,7080,-0.0225
"126",2019-08-28 05:30:00,"btc",9727.4,10190,10303,9585.3,10410,-0.0448
"127",2019-08-27 05:30:00,"btc",10184,10376.2,10392,10036.9,4520,-0.0186
"128",2019-08-26 05:30:00,"btc",10377,10144,10654,10144,8980,0.0242
"129",2019-08-25 05:30:00,"btc",10132,10162,10349,9881.1,5210,-0.002
"130",2019-08-24 05:30:00,"btc",10152,10414,10427,9900,5410,-0.0246
"131",2019-08-23 05:30:00,"btc",10408,10117,10461,10063,6390,0.0288
"132",2019-08-22 05:30:00,"btc",10117,10147,10247,9790,6530,-0.0029
"133",2019-08-21 05:30:00,"btc",10146,10795,10825,9880,11790,-0.0599
"134",2019-08-20 05:30:00,"btc",10793,10947,10986,10588,5830,-0.0132
"135",2019-08-19 05:30:00,"btc",10937,10329,10960,10280,7380,0.0591
"136",2019-08-18 05:30:00,"btc",10327,10230,10529,10086,3900,0.0097
"137",2019-08-17 05:30:00,"btc",10228,10372,10487,10004.1,4890,-0.0133
"138",2019-08-16 05:30:00,"btc",10366,10324,10568,9783.4,12890,0.0038
"139",2019-08-15 05:30:00,"btc",10327,10067,10470,9522.5,17370,0.0258
"140",2019-08-14 05:30:00,"btc",10067,10904,10909,9980,14510,-0.0768
"141",2019-08-13 05:30:00,"btc",10904,11411,11468,10801,9000,-0.0438
"142",2019-08-12 05:30:00,"btc",11404,11577,11578.8,11272,3200,-0.0157
"143",2019-08-11 05:30:00,"btc",11586,11308,11594,11158,5440,0.024
"144",2019-08-10 05:30:00,"btc",11314,11892,12003,11263,9020,-0.0487
"145",2019-08-09 05:30:00,"btc",11893,12051,12092.7,11711,7810,-0.0138
"146",2019-08-08 05:30:00,"btc",12060,11999,12126,11570,10970,0.0053
"147",2019-08-07 05:30:00,"btc",11997,11472,12122,11386,13660,0.0458
"148",2019-08-06 05:30:00,"btc",11471.2,11824,12307,11268,19340,-0.0285
"149",2019-08-05 05:30:00,"btc",11808,10974,11938,10973,16130,0.0761
"150",2019-08-04 05:30:00,"btc",10973,10822,11060,10595,9280,0.014
"151",2019-08-03 05:30:00,"btc",10822,10520,10910,10506,7420,0.0288
"152",2019-08-02 05:30:00,"btc",10519,10400,10648.3,10345,8440,0.0115
"153",2019-08-01 05:30:00,"btc",10399,10096,10500,9899.9,7780,0.0308
"154",2019-07-31 05:30:00,"btc",10088,9588.9,10099,9575.5,7940,0.052
"155",2019-07-30 05:30:00,"btc",9589,9503.5,9736,9401.6,5190,0.0086
"156",2019-07-29 05:30:00,"btc",9507,9530,9690,9396.6,5700,-0.0013
"157",2019-07-28 05:30:00,"btc",9519,9463.1,9604.2,9112.3,7750,0.0056
"158",2019-07-27 05:30:00,"btc",9465.7,9840.3,10189,9300.3,11770,-0.0383
"159",2019-07-26 05:30:00,"btc",9842.5,9888,9899,9672,5120,-0.0048
"160",2019-07-25 05:30:00,"btc",9890.1,9772,10180,9735,9220,0.0122
"161",2019-07-24 05:30:00,"btc",9771,9859,9917.7,9541.9,11570,-0.0085
"162",2019-07-23 05:30:00,"btc",9854.9,10330,10330,9824.5,9770,-0.0459
"163",2019-07-22 05:30:00,"btc",10329,10572,10667,10094,10900,-0.0227
"164",2019-07-21 05:30:00,"btc",10569.4,10741,10811,10300,8250,-0.0159
"165",2019-07-20 05:30:00,"btc",10740,10517.6,11085,10402,12130,0.021
"166",2019-07-19 05:30:00,"btc",10519,10624,10759,10132.7,13160,-0.0097
"167",2019-07-18 05:30:00,"btc",10622,9691.2,10750,9271.6,28830,0.097
"168",2019-07-17 05:30:00,"btc",9683.2,9418.4,9963.1,9090,23120,0.029
"169",2019-07-16 05:30:00,"btc",9410,10813,10991,9378,26180,-0.1303
"170",2019-07-15 05:30:00,"btc",10820,10193,11043,9920.6,21440,0.0601
"171",2019-07-14 05:30:00,"btc",10206.8,11324,11390,10125,22490,-0.0977
"172",2019-07-13 05:30:00,"btc",11312,11779,11803,10806,14720,-0.0385
"173",2019-07-12 05:30:00,"btc",11765,11327,11900,11100,12250,0.0375
"174",2019-07-11 05:30:00,"btc",11340,12092,12092,11006,21600,-0.0623
"175",2019-07-10 05:30:00,"btc",12093,12564,13173,11572,36060,-0.0366
"176",2019-07-09 05:30:00,"btc",12553,12301.5,12811,12173,19160,0.0205
"177",2019-07-08 05:30:00,"btc",12301,11484,12382,11339,17840,0.071
"178",2019-07-07 05:30:00,"btc",11486,11276,11618,11121.6,8420,0.018
"179",2019-07-06 05:30:00,"btc",11283,10983,11720,10983,12210,0.0259
"180",2019-07-05 05:30:00,"btc",10998,11141,11440,10802,16370,-0.0153
"181",2019-07-04 05:30:00,"btc",11169,12000,12063.5,11057,19840,-0.068
"182",2019-07-03 05:30:00,"btc",11984,10903,12004,10903,28090,0.1029
"183",2019-07-02 05:30:00,"btc",10866,10639.8,10961,9745.1,28780,0.0213
"184",2019-07-01 05:30:00,"btc",10639,10777,11221,10099,24900,-0.0099
"185",2019-06-30 05:30:00,"btc",10745,11973,12229,10705,19070,-0.0986
"186",2019-06-29 05:30:00,"btc",11921,12350.7,12350.7,11375,20390,-0.0347
"187",2019-06-28 05:30:00,"btc",12349,11183,12404,10812,31980,0.1026
"188",2019-06-27 05:30:00,"btc",11200,12876,13222,10397,47610,-0.1302
"189",2019-06-26 05:30:00,"btc",12876,11746,13764,11693,55590,0.0957
"190",2019-06-25 05:30:00,"btc",11751,11070,11780,10992.4,21850,0.0632
"191",2019-06-24 05:30:00,"btc",11053,10913,11135,10560,14400,0.0126
"192",2019-06-23 05:30:00,"btc",10916,10745,11368,10576,18590,0.0156
"193",2019-06-22 05:30:00,"btc",10747.9,10227,11210,10098.2,36680,0.05
"194",2019-06-21 05:30:00,"btc",10236,9557.8,10249,9557.8,22230,0.071
"195",2019-06-20 05:30:00,"btc",9557.1,9306,9620.8,9241,10590,0.027
"196",2019-06-19 05:30:00,"btc",9305.9,9094.9,9339.9,9062,5770,0.0231
"197",2019-06-18 05:30:00,"btc",9095.9,9351,9370.9,8945.4,10590,-0.0278
"198",2019-06-17 05:30:00,"btc",9356,8986,9489.9,8986,14170,0.0412
"199",2019-06-16 05:30:00,"btc",8986,8852.8,9389.6,8803,20910,0.0147
"200",2019-06-15 05:30:00,"btc",8856,8689,8904.1,8611,9400,0.0192
"201",2019-06-14 05:30:00,"btc",8689.1,8230,8714.9,8163.3,12710,0.0561
"202",2019-06-13 05:30:00,"btc",8227.4,8177.6,8333,8038.9,8890,0.0064
"203",2019-06-12 05:30:00,"btc",8175.4,7903.1,8238.8,7822.3,9140,0.0343
"204",2019-06-11 05:30:00,"btc",7904.1,8018.8,8048.9,7711.3,6530,-0.0137
"205",2019-06-10 05:30:00,"btc",8013.7,7622.5,8046.3,7523.3,8900,0.049
"206",2019-06-09 05:30:00,"btc",7639.2,7924,7961,7502.5,6830,-0.036
"207",2019-06-08 05:30:00,"btc",7924.6,8002.1,8064.8,7802,4770,-0.0084
"208",2019-06-07 05:30:00,"btc",7991.5,7816.9,8123.5,7769.1,13440,0.0238
"209",2019-06-06 05:30:00,"btc",7805.6,7766.3,7870.6,7461,7510,0.0021
"210",2019-06-05 05:30:00,"btc",7789.3,7692.8,7931,7603,10830,0.0125
"211",2019-06-04 05:30:00,"btc",7692.8,8088,8088,7524.5,28120,-0.0507
"212",2019-06-03 05:30:00,"btc",8103.4,8740.1,8740.1,8050.1,18660,-0.0728
"213",2019-06-02 05:30:00,"btc",8740,8546.9,8818,8540,6240,0.0226
"214",2019-06-01 05:30:00,"btc",8547,8531.9,8625,8452,5460,0.0016
"215",2019-05-31 05:30:00,"btc",8533.3,8268.5,8550,8112.4,10930,0.0318
"216",2019-05-30 05:30:00,"btc",8269.9,8681.2,9100,8019.7,20290,-0.0473
"217",2019-05-29 05:30:00,"btc",8680.9,8738.1,8794.9,8490,10300,-0.0069
"218",2019-05-28 05:30:00,"btc",8740.9,8806.1,8843.7,8558.3,11140,-0.0074
"219",2019-05-27 05:30:00,"btc",8806,8730,8951,8661,17560,0.0087
"220",2019-05-26 05:30:00,"btc",8729.9,8054.9,8820,7880.2,20140,0.0838
"221",2019-05-25 05:30:00,"btc",8054.9,7990,8135,7950.4,4340,0.0075
"222",2019-05-24 05:30:00,"btc",7994.9,7872.1,8158.6,7801.6,10920,0.0156
"223",2019-05-23 05:30:00,"btc",7872.4,7619.9,7957.1,7496.3,10550,0.033
"224",2019-05-22 05:30:00,"btc",7621.1,7933.6,8030,7507.9,10780,-0.0398
"225",2019-05-21 05:30:00,"btc",7937,7990.5,8089.9,7819.7,7690,-0.006
"226",2019-05-20 05:30:00,"btc",7985,8188.3,8188.3,7601,16900,-0.025
"227",2019-05-19 05:30:00,"btc",8189.5,7260.1,8263.2,7252,23460,0.128
"228",2019-05-18 05:30:00,"btc",7260,7418.3,7509.1,7210.6,9320,-0.021
"229",2019-05-17 05:30:00,"btc",7415.4,7857.5,7905.7,7067.4,29020,-0.0562
"230",2019-05-16 05:30:00,"btc",7857,8135.5,8307.7,7750.1,22290,-0.0339
"231",2019-05-15 05:30:00,"btc",8132.9,7951.9,8208.9,7837.6,19040,0.0219
"232",2019-05-14 05:30:00,"btc",7958.3,7753.2,8194.1,7684.1,29320,0.0265
"233",2019-05-13 05:30:00,"btc",7753.2,6980.1,8049.9,6883.9,36470,0.1108
"234",2019-05-12 05:30:00,"btc",6979.9,7125.1,7448,6860,31960,-0.0219
"235",2019-05-11 05:30:00,"btc",7136.4,6438.7,7278.3,6438.7,37910,0.1084
"236",2019-05-10 05:30:00,"btc",6438.7,6262,6522,6212.6,14490,0.0288
"237",2019-05-09 05:30:00,"btc",6258.4,6201.9,6309,6165,9680,0.0093
"238",2019-05-08 05:30:00,"btc",6201,6096.6,6220.4,6024.1,8200,0.0186
"239",2019-05-07 05:30:00,"btc",6087.9,6027.9,6290,6027.9,11990,0.01
"240",2019-05-06 05:30:00,"btc",6027.9,6042,6100.3,5906.8,6480,-0.0023
"241",2019-05-05 05:30:00,"btc",6042,6098.2,6112,5956.2,5820,-0.0092
"242",2019-05-04 05:30:00,"btc",6098.3,6019.9,6149.1,5868.2,9440,0.0137
"243",2019-05-03 05:30:00,"btc",6016,5729.6,6139.9,5716.5,19480,0.0511
"244",2019-05-02 05:30:00,"btc",5723.8,5629.5,5779.8,5618,11060,0.0167
"245",2019-05-01 05:30:00,"btc",5629.6,5599.6,5655,5585.5,5530,0.0054
"246",2019-04-30 05:30:00,"btc",5599.5,5480,5612,5454.9,7440,0.0218
"247",2019-04-29 05:30:00,"btc",5480.1,5486.8,5515.2,5370.3,7810,-0.0012
"248",2019-04-28 05:30:00,"btc",5486.8,5400.6,5542.2,5400.6,7760,0.0157
"249",2019-04-27 05:30:00,"btc",5401.8,5410.9,5456.9,5355.4,4570,-0.0017
"250",2019-04-26 05:30:00,"btc",5410.8,5215.6,5517.1,5174.1,21530,0.0368
"251",2019-04-25 05:30:00,"btc",5219,5479.6,5556.8,5065.2,21490,-0.0477
"252",2019-04-24 05:30:00,"btc",5480.3,5547.1,5647.4,5415,16530,-0.0127
"253",2019-04-23 05:30:00,"btc",5550.9,5417.8,5645,5395.2,18760,0.0246
"254",2019-04-22 05:30:00,"btc",5417.8,5320.3,5447.5,5276.5,11950,0.018
"255",2019-04-21 05:30:00,"btc",5321.9,5340.1,5366.1,5259.4,6150,-0.0034
"256",2019-04-20 05:30:00,"btc",5340,5314.1,5375.6,5289.2,6480,0.0049
"257",2019-04-19 05:30:00,"btc",5314,5310.8,5371.1,5225,6310,6e-04
"258",2019-04-18 05:30:00,"btc",5310.8,5254.5,5339.3,5254,9040,0.0107
"259",2019-04-17 05:30:00,"btc",5254.5,5234.3,5291.1,5224.7,9280,0.0039
"260",2019-04-16 05:30:00,"btc",5234.3,5042.8,5256.2,5030,8380,0.0367
"261",2019-04-15 05:30:00,"btc",5049.2,5190.1,5217.1,5000.7,9520,-0.0279
"262",2019-04-14 05:30:00,"btc",5194.3,5103.7,5209,5064.2,4150,0.0181
"263",2019-04-13 05:30:00,"btc",5101.8,5114.1,5160.8,5075.3,5210,-0.0024
"264",2019-04-12 05:30:00,"btc",5114,5059,5134.9,4935.2,9220,0.0095
"265",2019-04-11 05:30:00,"btc",5065.8,5315.5,5340,5001.1,19390,-0.0463
"266",2019-04-10 05:30:00,"btc",5311.7,5213,5487.4,5200.5,15780,0.0183
"267",2019-04-09 05:30:00,"btc",5216.3,5312.4,5312.5,5173.5,11900,-0.0181
"268",2019-04-08 05:30:00,"btc",5312.5,5238.9,5361.7,5148.5,17820,0.0142
"269",2019-04-07 05:30:00,"btc",5238.1,5091.1,5313.1,5075,9950,0.029
"270",2019-04-06 05:30:00,"btc",5090.5,5080.4,5280,4968.1,14200,0.002
"271",2019-04-05 05:30:00,"btc",5080.4,4939.3,5130,4930.1,11360,0.0287
"272",2019-04-04 05:30:00,"btc",4938.9,4976.9,5099.9,4834,15420,-0.0079
"273",2019-04-03 05:30:00,"btc",4978,4929.3,5330.1,4849.1,44280,0.0103
"274",2019-04-02 05:30:00,"btc",4927.1,4196.9,5079.4,4189.7,54140,0.174
"275",2019-04-01 05:30:00,"btc",4196.8,4167.5,4220.8,4127.2,7010,0.007
"276",2019-03-31 05:30:00,"btc",4167.6,4165.1,4181.4,4153.1,2270,6e-04
"277",2019-03-30 05:30:00,"btc",4165.1,4179.1,4210,4117.2,6630,-0.0033
"278",2019-03-29 05:30:00,"btc",4179,4092.6,4188,4084.7,8650,0.0211
"279",2019-03-28 05:30:00,"btc",4092.6,4102.7,4104,4066.4,6220,-0.0024
"280",2019-03-27 05:30:00,"btc",4102.5,3992.7,4109.6,3979.6,7930,0.0278
"281",2019-03-26 05:30:00,"btc",3991.7,3970,3994.8,3951,5090,0.0055
"282",2019-03-25 05:30:00,"btc",3970,4041.4,4049.9,3939.1,6700,-0.0177
"283",2019-03-24 05:30:00,"btc",4041.4,4063,4063.2,4011.5,3360,-0.0054
"284",2019-03-23 05:30:00,"btc",4063.2,4045.2,4076.3,4038.5,4370,0.0044
"285",2019-03-22 05:30:00,"btc",4045.3,4044.8,4064.6,4035.1,4840,1e-04
"286",2019-03-21 05:30:00,"btc",4044.8,4127.2,4138.7,4005.2,11820,-0.02
"287",2019-03-20 05:30:00,"btc",4127.2,4104.6,4136.2,4073.9,7820,0.0055
"288",2019-03-19 05:30:00,"btc",4104.7,4073.7,4118,4056.6,5550,0.0077
"289",2019-03-18 05:30:00,"btc",4073.5,4069,4119.9,4035.6,3680,0.0011
"290",2019-03-17 05:30:00,"btc",4068.9,4088,4088.3,4041.1,3380,-0.0047
"291",2019-03-16 05:30:00,"btc",4088,4003.1,4152.7,4003.1,13940,0.0212
"292",2019-03-15 05:30:00,"btc",4003.1,3948.3,4011,3948.3,6720,0.0139
"293",2019-03-14 05:30:00,"btc",3948.3,3946.2,4000.1,3882.8,8300,1e-04
"294",2019-03-13 05:30:00,"btc",3947.9,3954.9,3972.1,3925.1,5510,-0.0016
"295",2019-03-12 05:30:00,"btc",3954.1,3950.7,3979.5,3895.2,7630,0.0013
"296",2019-03-11 05:30:00,"btc",3949,4000,4009.2,3920.7,6610,-0.0128
"297",2019-03-10 05:30:00,"btc",4000,4017.3,4017.3,3961.8,4670,-0.0043
"298",2019-03-09 05:30:00,"btc",4017.3,3940.5,4046.2,3933.9,7380,0.0195
"299",2019-03-08 05:30:00,"btc",3940.5,3964.7,4020.9,3863.7,9360,-0.0061
"300",2019-03-07 05:30:00,"btc",3964.7,3951.5,3989.6,3935.7,7640,0.0034
"301",2019-03-06 05:30:00,"btc",3951.4,3951.6,3984.1,3912.4,6590,-1e-04
"302",2019-03-05 05:30:00,"btc",3951.6,3800,3966.9,3786.2,10800,0.0399
"303",2019-03-04 05:30:00,"btc",3800,3884.8,3908.1,3767.1,10180,-0.0218
"304",2019-03-03 05:30:00,"btc",3884.8,3913,3923.4,3856.7,2880,-0.0072
"305",2019-03-02 05:30:00,"btc",3913,3915,3924,3850,5110,-3e-04
"306",2019-03-01 05:30:00,"btc",3914,3894,3948.7,3893,4760,0.0051
"307",2019-02-28 05:30:00,"btc",3894,3900.1,3988,3875,12100,-0.0022
"308",2019-02-27 05:30:00,"btc",3902.7,3896.8,3934,3767,12030,0.0015
"309",2019-02-26 05:30:00,"btc",3896.8,3919.3,3934.1,3870.4,5110,-0.0064
"310",2019-02-25 05:30:00,"btc",3921.8,3825,3965,3825,10410,0.0234
"311",2019-02-24 05:30:00,"btc",3832,4212.2,4282.4,3812,36090,-0.0902
"312",2019-02-23 05:30:00,"btc",4211.7,4058.2,4255,4014.5,21530,0.0378
"313",2019-02-22 05:30:00,"btc",4058.3,4008.8,4074,3991.3,14210,0.0123
"314",2019-02-21 05:30:00,"btc",4008.8,4053.7,4122,3975.3,15480,-0.0114
"315",2019-02-20 05:30:00,"btc",4055,3989.9,4070,3969.2,15250,0.0163
"316",2019-02-19 05:30:00,"btc",3989.9,3978.4,4081.4,3943.4,24300,0.003
"317",2019-02-18 05:30:00,"btc",3978.1,3734.5,4019.9,3723.9,37620,0.0652
"318",2019-02-17 05:30:00,"btc",3734.5,3676.5,3788.8,3668.9,14070,0.0158
"319",2019-02-16 05:30:00,"btc",3676.4,3670.1,3724.9,3666,7520,0.0018
"320",2019-02-15 05:30:00,"btc",3670,3656.7,3716.3,3644.5,7810,0.0036
"321",2019-02-14 05:30:00,"btc",3656.7,3665.5,3681.1,3641.1,7530,-0.0026
"322",2019-02-13 05:30:00,"btc",3666.1,3694.1,3735.4,3650.4,11760,-0.0076
"323",2019-02-12 05:30:00,"btc",3694.2,3681,3728,3645.3,11340,0.0036
"324",2019-02-11 05:30:00,"btc",3681.1,3749.7,3749.7,3672,7800,-0.0174
"325",2019-02-10 05:30:00,"btc",3746.3,3718.3,3753.5,3667.1,9970,0.0075
"326",2019-02-09 05:30:00,"btc",3718.4,3724.1,3739.1,3688.8,6740,-0.0015
"327",2019-02-08 05:30:00,"btc",3724,3439,3799.6,3427.8,31150,0.0838
"328",2019-02-07 05:30:00,"btc",3436.1,3451.9,3462.3,3429.3,4800,-0.0046
"329",2019-02-06 05:30:00,"btc",3452,3512.6,3521,3417.6,13160,-0.0173
"330",2019-02-05 05:30:00,"btc",3512.6,3490.4,3517,3475.9,4590,0.0063
"331",2019-02-04 05:30:00,"btc",3490.5,3504.2,3522.6,3475.3,5210,-0.0032
"332",2019-02-03 05:30:00,"btc",3501.7,3564.5,3566.8,3470.1,7860,-0.0176
"333",2019-02-02 05:30:00,"btc",3564.3,3534.8,3575.4,3500.8,10890,0.0079
"334",2019-02-01 05:30:00,"btc",3536.2,3502.7,3557.2,3465,10040,0.01
"335",2019-01-31 05:30:00,"btc",3501.1,3529.7,3565.7,3482.2,8570,-0.0081
"336",2019-01-30 05:30:00,"btc",3529.6,3478,3548,3451.5,12580,0.0149
"337",2019-01-29 05:30:00,"btc",3477.9,3501.1,3512.5,3427.2,10470,-0.0068
"338",2019-01-28 05:30:00,"btc",3501.9,3597.1,3597.9,3450.3,17020,-0.0265
"339",2019-01-27 05:30:00,"btc",3597.1,3630.7,3642.5,3544,11450,-0.0093
"340",2019-01-26 05:30:00,"btc",3630.7,3629,3745.8,3624.8,13000,5e-04
"341",2019-01-25 05:30:00,"btc",3628.9,3653,3663.4,3582.1,7380,-0.0065
"342",2019-01-24 05:30:00,"btc",3652.6,3621.7,3670,3589.9,7870,0.009
"343",2019-01-23 05:30:00,"btc",3619.9,3639,3677,3591.2,7970,-0.0053
"344",2019-01-22 05:30:00,"btc",3639.1,3579.4,3676.3,3488.3,18080,0.0167
"345",2019-01-21 05:30:00,"btc",3579.4,3588.6,3614.8,3550,10810,-0.0019
"346",2019-01-20 05:30:00,"btc",3586.1,3762.3,3796,3548.3,20620,-0.0462
"347",2019-01-19 05:30:00,"btc",3760,3674.1,3858.5,3673.9,13390,0.0229
"348",2019-01-18 05:30:00,"btc",3675.7,3722.5,3723.9,3652.4,5650,-0.0127
"349",2019-01-17 05:30:00,"btc",3723,3671.3,3725,3610,10860,0.0141
"350",2019-01-16 05:30:00,"btc",3671.2,3657,3750,3642.9,13230,0.004
"351",2019-01-15 05:30:00,"btc",3656.5,3749.3,3769.5,3625.1,13320,-0.0248
"352",2019-01-14 05:30:00,"btc",3749.3,3591,3798.7,3581.8,14840,0.0441
"353",2019-01-13 05:30:00,"btc",3591,3702,3712.9,3570,12590,-0.03
"354",2019-01-12 05:30:00,"btc",3702,3712.8,3734,3674.4,9290,-0.0038
"355",2019-01-11 05:30:00,"btc",3716.1,3712.8,3777.4,3666.6,13130,9e-04
"356",2019-01-10 05:30:00,"btc",3712.8,4083.3,4136.1,3687.2,35020,-0.0907
"357",2019-01-09 05:30:00,"btc",4083.2,4100,4165.5,4036,20630,-0.0041
"358",2019-01-08 05:30:00,"btc",4100,4113.9,4210,4056.2,18720,-0.0034
"359",2019-01-07 05:30:00,"btc",4113.9,4170.9,4196.9,4078.5,11320,-0.0138
"360",2019-01-06 05:30:00,"btc",4171.5,3911,4214.5,3892.9,25170,0.0666
"361",2019-01-05 05:30:00,"btc",3911,3954.8,4014.9,3901.4,14870,-0.0111
"362",2019-01-04 05:30:00,"btc",3954.9,3923.2,3985.8,3853.3,13230,0.0081
"363",2019-01-03 05:30:00,"btc",3923.2,4049.9,4055.1,3882,10920,-0.0309
"364",2019-01-02 05:30:00,"btc",4048.5,3963.1,4082.2,3920.1,19430,0.0216
"365",2019-01-01 05:30:00,"btc",3963,3832.6,3981.9,3788.4,13850,0.0346
